Metric,Value
Accuracy,0.8799822852081488
Precision,0.8807893513075883
Recall,0.8799822852081488
F1 Score,0.8800337458734394
